{
    "Cupcake": {
        "accuracy": 0.5401459854014599,
        "recall": 0.463768115942029,
        "precision": 0.5517241379310345,
        "f1": 0.5039370078740157
    },
    "Hawk": {
        "accuracy": 0.296551724137931,
        "recall": 0.16831683168316833,
        "precision": 0.4857142857142857,
        "f1": 0.25000000000000006
    },
    "Sushi": {
        "accuracy": 0.5185185185185185,
        "recall": 0.6261682242990654,
        "precision": 0.638095238095238,
        "f1": 0.6320754716981132
    }
}